Topic,Keywords,Question_Count,Coherence_Score
0,"string, step, graph, root, hash, exist, histori, length, word, master",35,0.5325204845814817
1,"phase, estim, endgroup, mark, vert, transform, state, algorithm, amplitud, fouri",399,0.5325204845814817
2,"comput, shor, number, system, also, understand, factor, onli, mean, possibl",977,0.5325204845814817
3,"stim, unknown, fals, depolar, symplect, sourc, circuit, event, decod, src",240,0.5325204845814817
4,"code, correct, stabil, logic, qubit, surfac, toler, fault, definit, oper",607,0.5325204845814817
5,"qubit, gate, circuit, nativ, control, unitari, appli, construct, measur, net",320,0.5325204845814817
6,"matrix, array, rang, represent, wire, return, qubit, pennylan, param, index",53,0.5325204845814817
7,"group, set, oper, space, generat, pauli, defin, element, softwar, gaug",31,0.5325204845814817
8,"circuit, result, self, print, import, return, def, valu, append, qiskit",317,0.5325204845814817
9,"state, measur, entangl, key, cuquantum, qubit, bit, communic, teleport, inform",298,0.5325204845814817
10,"simul, qiskit, circuit, program, result, run, nois, tri, tutori, experi",488,0.5325204845814817
11,"color, algorithm, classic, comput, complex, optim, resourc, solv, request, applic",83,0.5325204845814817
12,"azur, file, packag, site, line, python, self, version, run, instal",177,0.5325204845814817
13,"hamiltonian, energi, molecul, basi, calcul, state, chemistri, transform, driver",78,0.5325204845814817
14,"rangl, state, right, leav, end, matrix, frac, oper, langl",603,0.5325204845814817
15,"qiskit, import, job, ibmq, provid, backend, program, experi, execut, code",299,0.5325204845814817
16,"type, function, test, datum, model, new, format, valu, support, paramet",158,0.5325204845814817
