Challenge_Type,question_title,Question_body,views,votes,difficulty_score
Security,What can a web application developer do to protect user information from powerful adversaries like the NSA or China,"Some well funded intelligence services with potentially untrustworthy employees intercept and store encrypted data for years, in hopes of cracking it with future technology. What can I do to make this more difficult for them, and how can I limit the scope of a successful attack? I already use SSL and store passwords as salty hash, with unique salt. I encrypt private data using the largest keys that the tools at hand allow, but I have no idea how much of a difference that makes against a
quantum computer
.
Some ideas that have crossed my mind:
Send some encrypted noise / lorem ipsum / random media before and after real HTTPS requests.
Implement a crazy PGP over HTTPS scheme. Public key exchange happens during the first real HTTPS request, after a few fake exchanges. Fake keys are kept and used for fake communication.
As you can probably tell, I'm not a security researcher, I just develop web apps for a small startup. I just discovered OWASP thanks to the ""related questions"" sidebar, I will be reading up on that.",822.0,7,207.25
Security,A service that claims beyond army level encryption,"I would like to understand if this service is as safe and good as it claims to be:
https://unseen.is
This is what they say:
... Many other services that offer
  encryption keep the key, but getting a copy of the key from the
  service is the easiet way to break in to your messages. With Unseen,
  you control the key, so it's not possible for us to read any of your
  messages.
Keep in mind, with enough time and advanced technology, anything can
  be broken. ... We only provide extremely strong
  encryption, even if you use the free version of our service. Our
  mission is to protect your communications with the best technology we
  have available and we felt strongly that we should give that to
  everyone.
Ever since a former security contractor told us ""if it's publicly
  available, it's cracked"" several years ago, we've assumed that
  backdoors and weakeners have been included in the public encryption
  libraries. We know you wanted more and set out a year ago to deliver
  the next generation in encryption technology.
We decided to completely replace the standard AES encryption we
  started with for all free AND premium users with something much
  stronger. This new encryption is running now on the site, providing
  all levels of service with a much upgraded and extremely strong but
  not widely available encryption. In the running for the AES standard,
  our encryption runs a healthy 4096 bits, much, much stronger than off
  the shelf AES.
We've use only super strong NTRU encryption for public key exchange
  that is believed to be resistant to even quantum computing attacks.
  Not only is it much stronger than RSA used by many of our competitors,
  but key generation is now fast enough that YOU GENERATE YOUR OWN KEYS.
  Other services generate keys in batches, then send you your key using
  SSL security, which can put your key's security in peril if it's
  intercepted.
We haven't added a ""backdoor"" like you will find in most public
  encryption libraries. These lesser known algorithms were never chosen
  as standards, so they should be more difficult to break into because
  they never had ""contributions"" from spies who intentionally weakened
  the code.
While no encryption or security is perfect, rest assured that Unseen
  provides some of the best available. ...
So, if I use this service am I secured and is my privacy unbreakable?",732.0,1,183.25
Security,Should I get rid of my very old 1024-bit RSA ssh key?,"I have an RSA key I use for
ssh
between various accounts that was originally generated in 2002 Ã¢â‚¬â€ hence it has the then-standard 1024 bits. Is there any point to deleting that key from all my machines and regenerating a new (and presumably somewhat more secure) one?
Most of the responses to
this similar but older question
relate to worries about specific compromises and note the lack of Ã¢â‚¬Å“key-wearÃ¢â‚¬Â. However, this isn't strictly true, since shorter keys do become easier to attack over time Ã¢â‚¬â€ my 1024-bit RSA key
is
notably weaker than currently-preferred sizes of 2048 or 4096 (although I believe it's the case that it still isn't thought to have been broken by publicly known attacks). Should I be worried now, in 2020 or, really, anytime in the foreseeable (non-quantum!) future, worried enough to retire the old key entirely? Or, realistically, is my key plenty safe in practice? (Again, I'm not asking about other aspects of key security, but purely about the age and size of the key itself.)
(There's
another, also related and old, question here
, but it's not limited to just ssh, and is more descriptive than prescriptive.)",656.0,1,657.0
Security,What authentication protocol to use for BB84 and other QKD protocols?," (/posts/9015/timeline)
Just like other classical and quantum key distribution protocols, BB84 is vulnerable to ""man""-in-the-middle attacks, where Eve pretends to be Bob to Alice, and Eve pretends to be Alice to Bob. The countermeasure against this potential ""man""-in-the-middle attack is to implement authentication and data integrity checks on the Alice-Bob classical channel.[1] [2] [4] [5]
My question is: what authentication protocol should we use for BB84 and other QKD protocols?
I can think of the following candidates:
We could use pre-shared keys as suggested in [1]. But that feels problematic to me for two reasons.1.1. The whole point of having a key distribution protocol is to avoid the need for pre-shared keys. If the pre-shared key is ever leaked, authentication and hence the QKD protocol itself is compromised.1.2. A client can only connect to a server if the client and server already have agreed on a pre-shared key. In many use cases (e.g. web browser connecting to a web server) this is a very unreasonable requirement.
We could use pre-shared keys as suggested in [1]. But that feels problematic to me for two reasons.
1.1. The whole point of having a key distribution protocol is to avoid the need for pre-shared keys. If the pre-shared key is ever leaked, authentication and hence the QKD protocol itself is compromised.
1.2. A client can only connect to a server if the client and server already have agreed on a pre-shared key. In many use cases (e.g. web browser connecting to a web server) this is a very unreasonable requirement.
Start with a pre-shared key for the first key agreement. But during that first key agreement, generate some extra key bits that are used for authentication during the next key agreement, etc. This is suggested in [3] and [6]. However, if one of the devices loses its state (e.g. due to a power cycle or field replacement after a failure) we have to revert back to the first pre-shared key. Thus, the first pre-shared key will always be a vector of attack. And, it still suffers from the problem described in 1.2 above.
Start with a pre-shared key for the first key agreement. But during that first key agreement, generate some extra key bits that are used for authentication during the next key agreement, etc. This is suggested in [3] and [6]. However, if one of the devices loses its state (e.g. due to a power cycle or field replacement after a failure) we have to revert back to the first pre-shared key. Thus, the first pre-shared key will always be a vector of attack. And, it still suffers from the problem described in 1.2 above.
In classical key distribution protocols problem, both 1.1 and 1.2 are solved by using authentication protocols such as RSA or DSA that rely on PKI and on the use of certificates and trusted CAs. However, we cannot use RSA or DSA for QKD authentication because both RSA and DSA are quantum-unsafe (they assume discrete logs are hard).
In classical key distribution protocols problem, both 1.1 and 1.2 are solved by using authentication protocols such as RSA or DSA that rely on PKI and on the use of certificates and trusted CAs. However, we cannot use RSA or DSA for QKD authentication because both RSA and DSA are quantum-unsafe (they assume discrete logs are hard).
Use post quantum crypto (PQC) algorithms to authenticate the QKD session. But if you trust PQC, then why not use it for everything (i.e. not only authentication but also the actual key agreement) instead of using QKD; PQC is easier to deploy since it not require any quantum photon sources or quantum photon detectors.
Use post quantum crypto (PQC) algorithms to authenticate the QKD session. But if you trust PQC, then why not use it for everything (i.e. not only authentication but also the actual key agreement) instead of using QKD; PQC is easier to deploy since it not require any quantum photon sources or quantum photon detectors.
So, to reiterate my question in another way, is there an authentication protocol that achieves both of the following goals?
A. It allows a client to authenticate any server without assuming that the client and server have a pre-shared key.
B. It is quantum-safe.
References:[1] [Is quantum key distribution safe against MITM attacks too?](https://crypto.stackexchange.com/questions/2719/is-quantum-key-distribution-safe-against-mitm-attacks-too#2721)[2] Van Meter, Rodney. Quantum Networking (Networks and Telecommunications). Wiley. Kindle Edition. Section 5.2: ""A true man-in-the-middle attack is foiled by (and explains the need for) authentication and data integrity checks on the classical channel.""[3] Reis, AndrÃƒÂ©. Quantum Key Distribution Post Processing - A study on the Information Reconciliation Cascade Protocol. Section 1.1 footnote: ""Specially important, those [extra key] bits can be used to generate Message Authentication Codes for future QKD executions to extend the length of the shared key""[4] Reis, AndrÃƒÂ©. Quantum Key Distribution Post Processing - A study on the Information Reconciliation Cascade Protocol. Section 2.2: ""the classical phase uses a public classical authenticated channel (using Digital Signatures or Message Authentication Codes)""[5] ETSI GS QKD 002 V1.1.1 ""Quantum Key Distribution; Use Cases"". Section 4.1.2: ""Quantum key distribution, too, requires authentication of the parties to rule out man-in-the-middle attacks. This is done by public discussion on the classical channel which uses a message authentication primitive to guarantee message integrity.""[6] ETSI GS QKD 002 V1.1.1 ""Quantum Key Distribution; Use Cases"". Section 4.1.3: ""In QKD, a small fraction of the continuously generated key can be used for information theoretically secure message
authentication, but when a link is taken into operation, a pre-distributed initial secret is necessary to authenticate the
public channel before the first quantum keys become available. This is comparable to digital signature schemes, where
the public key (mostly in the form of identity certificates) of the sender, or the public key of a trusted third party, when
transitive trust relations are applied, must be pre-distributed (e.g. with the web browser). Insofar the necessity of a
pre-distributed secret constitutes no principal disadvantage of information theoretically secure authentication schemes,
as opposed to signature based or MAC based authentication systems, as this is claimed e.g. in [i.21].""
[1] [Is quantum key distribution safe against MITM attacks too?](https://crypto.stackexchange.com/questions/2719/is-quantum-key-distribution-safe-against-mitm-attacks-too#2721)[2] Van Meter, Rodney. Quantum Networking (Networks and Telecommunications). Wiley. Kindle Edition. Section 5.2: ""A true man-in-the-middle attack is foiled by (and explains the need for) authentication and data integrity checks on the classical channel.""[3] Reis, AndrÃƒÂ©. Quantum Key Distribution Post Processing - A study on the Information Reconciliation Cascade Protocol. Section 1.1 footnote: ""Specially important, those [extra key] bits can be used to generate Message Authentication Codes for future QKD executions to extend the length of the shared key""[4] Reis, AndrÃƒÂ©. Quantum Key Distribution Post Processing - A study on the Information Reconciliation Cascade Protocol. Section 2.2: ""the classical phase uses a public classical authenticated channel (using Digital Signatures or Message Authentication Codes)""[5] ETSI GS QKD 002 V1.1.1 ""Quantum Key Distribution; Use Cases"". Section 4.1.2: ""Quantum key distribution, too, requires authentication of the parties to rule out man-in-the-middle attacks. This is done by public discussion on the classical channel which uses a message authentication primitive to guarantee message integrity.""[6] ETSI GS QKD 002 V1.1.1 ""Quantum Key Distribution; Use Cases"". Section 4.1.3: ""In QKD, a small fraction of the continuously generated key can be used for information theoretically secure message
authentication, but when a link is taken into operation, a pre-distributed initial secret is necessary to authenticate the
public channel before the first quantum keys become available. This is comparable to digital signature schemes, where
the public key (mostly in the form of identity certificates) of the sender, or the public key of a trusted third party, when
transitive trust relations are applied, must be pre-distributed (e.g. with the web browser). Insofar the necessity of a
pre-distributed secret constitutes no principal disadvantage of information theoretically secure authentication schemes,
as opposed to signature based or MAC based authentication systems, as this is claimed e.g. in [i.21].""
[2] Van Meter, Rodney. Quantum Networking (Networks and Telecommunications). Wiley. Kindle Edition. Section 5.2: ""A true man-in-the-middle attack is foiled by (and explains the need for) authentication and data integrity checks on the classical channel.""[3] Reis, AndrÃƒÂ©. Quantum Key Distribution Post Processing - A study on the Information Reconciliation Cascade Protocol. Section 1.1 footnote: ""Specially important, those [extra key] bits can be used to generate Message Authentication Codes for future QKD executions to extend the length of the shared key""[4] Reis, AndrÃƒÂ©. Quantum Key Distribution Post Processing - A study on the Information Reconciliation Cascade Protocol. Section 2.2: ""the classical phase uses a public classical authenticated channel (using Digital Signatures or Message Authentication Codes)""[5] ETSI GS QKD 002 V1.1.1 ""Quantum Key Distribution; Use Cases"". Section 4.1.2: ""Quantum key distribution, too, requires authentication of the parties to rule out man-in-the-middle attacks. This is done by public discussion on the classical channel which uses a message authentication primitive to guarantee message integrity.""[6] ETSI GS QKD 002 V1.1.1 ""Quantum Key Distribution; Use Cases"". Section 4.1.3: ""In QKD, a small fraction of the continuously generated key can be used for information theoretically secure message
authentication, but when a link is taken into operation, a pre-distributed initial secret is necessary to authenticate the
public channel before the first quantum keys become available. This is comparable to digital signature schemes, where
the public key (mostly in the form of identity certificates) of the sender, or the public key of a trusted third party, when
transitive trust relations are applied, must be pre-distributed (e.g. with the web browser). Insofar the necessity of a
pre-distributed secret constitutes no principal disadvantage of information theoretically secure authentication schemes,
as opposed to signature based or MAC based authentication systems, as this is claimed e.g. in [i.21].""
[3] Reis, AndrÃƒÂ©. Quantum Key Distribution Post Processing - A study on the Information Reconciliation Cascade Protocol. Section 1.1 footnote: ""Specially important, those [extra key] bits can be used to generate Message Authentication Codes for future QKD executions to extend the length of the shared key""[4] Reis, AndrÃƒÂ©. Quantum Key Distribution Post Processing - A study on the Information Reconciliation Cascade Protocol. Section 2.2: ""the classical phase uses a public classical authenticated channel (using Digital Signatures or Message Authentication Codes)""[5] ETSI GS QKD 002 V1.1.1 ""Quantum Key Distribution; Use Cases"". Section 4.1.2: ""Quantum key distribution, too, requires authentication of the parties to rule out man-in-the-middle attacks. This is done by public discussion on the classical channel which uses a message authentication primitive to guarantee message integrity.""[6] ETSI GS QKD 002 V1.1.1 ""Quantum Key Distribution; Use Cases"". Section 4.1.3: ""In QKD, a small fraction of the continuously generated key can be used for information theoretically secure message
authentication, but when a link is taken into operation, a pre-distributed initial secret is necessary to authenticate the
public channel before the first quantum keys become available. This is comparable to digital signature schemes, where
the public key (mostly in the form of identity certificates) of the sender, or the public key of a trusted third party, when
transitive trust relations are applied, must be pre-distributed (e.g. with the web browser). Insofar the necessity of a
pre-distributed secret constitutes no principal disadvantage of information theoretically secure authentication schemes,
as opposed to signature based or MAC based authentication systems, as this is claimed e.g. in [i.21].""
[4] Reis, AndrÃƒÂ©. Quantum Key Distribution Post Processing - A study on the Information Reconciliation Cascade Protocol. Section 2.2: ""the classical phase uses a public classical authenticated channel (using Digital Signatures or Message Authentication Codes)""[5] ETSI GS QKD 002 V1.1.1 ""Quantum Key Distribution; Use Cases"". Section 4.1.2: ""Quantum key distribution, too, requires authentication of the parties to rule out man-in-the-middle attacks. This is done by public discussion on the classical channel which uses a message authentication primitive to guarantee message integrity.""[6] ETSI GS QKD 002 V1.1.1 ""Quantum Key Distribution; Use Cases"". Section 4.1.3: ""In QKD, a small fraction of the continuously generated key can be used for information theoretically secure message
authentication, but when a link is taken into operation, a pre-distributed initial secret is necessary to authenticate the
public channel before the first quantum keys become available. This is comparable to digital signature schemes, where
the public key (mostly in the form of identity certificates) of the sender, or the public key of a trusted third party, when
transitive trust relations are applied, must be pre-distributed (e.g. with the web browser). Insofar the necessity of a
pre-distributed secret constitutes no principal disadvantage of information theoretically secure authentication schemes,
as opposed to signature based or MAC based authentication systems, as this is claimed e.g. in [i.21].""
[5] ETSI GS QKD 002 V1.1.1 ""Quantum Key Distribution; Use Cases"". Section 4.1.2: ""Quantum key distribution, too, requires authentication of the parties to rule out man-in-the-middle attacks. This is done by public discussion on the classical channel which uses a message authentication primitive to guarantee message integrity.""[6] ETSI GS QKD 002 V1.1.1 ""Quantum Key Distribution; Use Cases"". Section 4.1.3: ""In QKD, a small fraction of the continuously generated key can be used for information theoretically secure message
authentication, but when a link is taken into operation, a pre-distributed initial secret is necessary to authenticate the
public channel before the first quantum keys become available. This is comparable to digital signature schemes, where
the public key (mostly in the form of identity certificates) of the sender, or the public key of a trusted third party, when
transitive trust relations are applied, must be pre-distributed (e.g. with the web browser). Insofar the necessity of a
pre-distributed secret constitutes no principal disadvantage of information theoretically secure authentication schemes,
as opposed to signature based or MAC based authentication systems, as this is claimed e.g. in [i.21].""
[6] ETSI GS QKD 002 V1.1.1 ""Quantum Key Distribution; Use Cases"". Section 4.1.3: ""In QKD, a small fraction of the continuously generated key can be used for information theoretically secure message
authentication, but when a link is taken into operation, a pre-distributed initial secret is necessary to authenticate the
public channel before the first quantum keys become available. This is comparable to digital signature schemes, where
the public key (mostly in the form of identity certificates) of the sender, or the public key of a trusted third party, when
transitive trust relations are applied, must be pre-distributed (e.g. with the web browser). Insofar the necessity of a
pre-distributed secret constitutes no principal disadvantage of information theoretically secure authentication schemes,
as opposed to signature based or MAC based authentication systems, as this is claimed e.g. in [i.21].""
cryptography
cryptography (/questions/tagged/cryptography)
qkd
qkd (/questions/tagged/qkd)
bb84
bb84 (/questions/tagged/bb84)
Share (/q/9015)
Improve this question (/posts/9015/edit)
editedMar 17, 2023 at 13:35 (/posts/9015/revisions)
 (/users/4733/bruno-rijsman)
Bruno Rijsman (/users/4733/bruno-rijsman)
Add a comment (#)
 (#)",637.0,10,647.0
Security,Show That an Intercept and Resend Attack on all qubits reduces mutual information," (/posts/21933/timeline)
Exercise 5.3.3With no eavesdropping the mutual information$H(A:B)$between the substring of$\mathcal R$held by Alice and$\mathcal R'$held by Bob is$1$bit.  Show that if Eve is performing an intercept and resend attack on all qubits that she reduces this mutual information to$H(A:B)=0.189$bits.
This is based on the BB84 protocol, where we know that the ""1 bit"" mutual information comes from the fact that Bob will measure the correct basis and therefore bit 50% of the time. And with the 50% incorrect basis will get the ""correct"" bit 25% of the time. After relaying his string back to Alice, they will confirm what errors there are and discard the wrong basis bits, even if they are the ""correct"" bit value. Thus there will be a discrepancy of 25% on average in their results. To detect EveÃ¢â‚¬â„¢s presence Alice and Bob choose some portion n of their shared bit. These revealed bits are useful for finding out whether extra errors are occurring in the protocol
From the equation:$$P_d = 1 -(\frac34)^n $$
If after sacrificing a few hundred of their bits Alice and Bob find no unexplained
errors then they can be confident that Eve is not intercepting and resending the qubits.
The remainder of the key is therefore secure.
Now, I know the equation for Mutual Information is given as:$$H(X:Y)=H(X) +H(Y) -H(X,Y)$$I'm generally just unsure how to impliment this. The exercise details that the attack is performed on ALL qubits, I assume this is a clue?
cryptography
cryptography (/questions/tagged/cryptography)
bb84
bb84 (/questions/tagged/bb84)
Share (/q/21933)
Improve this question (/posts/21933/edit)
 (/users/18807/dwye)
Dwye (/users/18807/dwye)
$\begingroup$You are computing the mutual information of two random variables $X$ and $Y$ representing Alice and Bob's raw key bit. If Eve does an attack on their system she will change the joint probability distribution between Alice and Bob. You can compute how this distribution changes after her attack and then compute the resulting mutual information.$\endgroup$Ã¢â‚¬â€œRammusCommentedNov 15, 2021 at 16:32
Rammus (/users/9854/rammus)
Add a comment (#)
 (#)",633.0,4,637.0
Security,Can Eve randomly guess the correct bases in the BB84 exchange of a one-time pad?," (/posts/13018/timeline)
I'm learning about Quantum Key Distribution, and just learned about the BB84 exchange. I learned that it can be used to exchange a key for a one-time pad, which would allow for information-theoretically secure communication. As I understand the algorithm:
Bob and Alice decide on 2 different bases to encode quantum states
Alice chooses a basis and a random bit to prepare a qubit and transmits the prepared qubit to Bob.
Bob randomly chooses a basis to measure the received qubit in
Alice and Bob communicate over a classical channel and figure out which bits they measured with the same basis
Eve can try to intercept the qubit Alice sends, but Eve has to randomly guess which basis to measure in because she has no information about which basis Alice prepared the qubit in. This means Eve has a 50% chance of choosing the right basis for any given transmitted qubit and a 75% chance of not introducing a disagreement between Alice and Bob by collapsing the state of the qubit.
Let$n$be the number of qubits Alice and Bob measure in the same basis. This means that Eve has$0.75^n$chance of getting lucky and getting the key while going unnoticed. She could then check if Alice and Bob continue to communicate to see if she went unnoticed. Eve can also eavesdrop over the classical channel Alice and Bob use to communicate the bases they used to throw out measurements she made that were not included in the key. Now Eve has constructed the key and knows it's the correct key.
While the probability of Eve measuring the key correctly scales exponentially with respect to$n$, it seems like this algorithm is not safe unless roughly$n > 1000$.
Is there something I'm misunderstanding, or is the above argument valid? Is there any way to guarantee Eve has no chance of guessing the correct key?
Thisis an answer to a similar question but does not answer my final question.
This (https://quantumcomputing.stackexchange.com/questions/4186/how-many-bits-do-alice-and-bob-needs-to-compare-to-make-sure-the-channel-is-secu)
bb84
bb84 (/questions/tagged/bb84)
Share (/q/13018)
Improve this question (/posts/13018/edit)
 (/users/12736/jet457)
jet457 (/users/12736/jet457)
$\begingroup$Welcome to QCSE. Why do you think $n$ needs to be $1000$ or more?  $0.75^n$ grows very quickly to $0$.$\endgroup$Ã¢â‚¬â€œMark SpinelliCommentedJul 22, 2020 at 19:59
Mark Spinelli (/users/2927/mark-spinelli)
$\begingroup$That was just a very rough estimation. 0.75^100 is around 10^-13, and 0.75^1000 is around 10^-125. If n=100, then on average 1 in 10^13 key exchange interception attempts will go undetected. If you imagine roughly 10^10 people sending 10^3 messages and someone trying to intercept every message, then on average 1 person's key will be intercepted. If n=1000, then the number of messages sent before it becomes likely a key is intercepted needs to be around 10^115. That's a ridiculous number of messages, so I figure that's good enough.$\endgroup$Ã¢â‚¬â€œjet457CommentedJul 22, 2020 at 20:09
jet457 (/users/12736/jet457)
2$\begingroup$Eve has a chance of 0.5^N of correctly guessing any secret message right away.$\endgroup$Ã¢â‚¬â€œNorbert SchuchCommentedJul 22, 2020 at 21:34
Norbert Schuch (/users/491/norbert-schuch)
$\begingroup$I think you're missing the step of BB84 wherein Alice and Bob sacrifice some of their codeword and Alice publicly announces her chosen basis, along with her chosen bit, to Bob.  If $n\gt 100$ Eve will get caught in her lie.  The probability of catching Eve grows exponentially close to $1$ as the length of the message increases.$\endgroup$Ã¢â‚¬â€œMark SpinelliCommentedJul 22, 2020 at 21:39
Mark Spinelli (/users/2927/mark-spinelli)
$\begingroup$@NorbertSchuch  Your N is the length of the encrypted message. The n in the question is the length of the encryption key.  Typically n << N$\endgroup$Ã¢â‚¬â€œBruno RijsmanCommentedNov 25, 2021 at 13:01
Bruno Rijsman (/users/4733/bruno-rijsman)
 (#)
Show2more comments (#)",629.0,3,632.0
Security,"Can we break RSA/AES encrypted document using quantum algorithms? If yes, How can we do it? [closed]","Closed.
This question does not meet
Stack Overflow guidelines
. It is not currently accepting answers.
This question does not appear to be about programming within the scope defined in the
help center
.
Closed
8 years ago
.
Improve this question
RSA and AES-256 are defined standards for encrypting ""Top Secret"" documents. Is it possible to attack using quantum algorithms like shor's and grover's?",561.0,-1,280.0
Security,How to encode a qubit in standard basis?," (/posts/4783/timeline)
I wonder what the steps for encoding a qubit in a certain basis are (you can give your answer in terms of the standard basis for simplicity). Example and a little explanation about steps would be great.
quantum-state
quantum-state (/questions/tagged/quantum-state)
cryptography
cryptography (/questions/tagged/cryptography)
Share (/q/4783)
Improve this question (/posts/4783/edit)
editedNov 21, 2018 at 10:29 (/posts/4783/revisions)
 (/users/26/sanchayan-dutta)
Sanchayan Dutta (/users/26/sanchayan-dutta)
 (/users/2559/archil-zhvania)
Archil Zhvania (/users/2559/archil-zhvania)
$\begingroup$What do you mean by ""encode"" in this context?$\endgroup$Ã¢â‚¬â€œSanchayan DuttaCommentedNov 21, 2018 at 9:24
Sanchayan Dutta (/users/26/sanchayan-dutta)
$\begingroup$I mean encoding as in cryptography. Let's say I want to send you a qubit which is in state |1>, you and I have agreed to use standard basis for encryption, so that if someone intercepts the qubit I sent you he/she will see something else other than this qubit being in the state |1>. But when the qubit gets to you, you will measure it in standard basis and will get |1>.$\endgroup$Ã¢â‚¬â€œArchil ZhvaniaCommentedNov 21, 2018 at 9:30
Archil Zhvania (/users/2559/archil-zhvania)
3$\begingroup$That's not how cryptography works. If Alice and Bob have agreed a basis, either (i) this is secret between them. Then there's not need for key distribution because they already have a shared secret key, or (ii) this was a public decision which Eve can also know, and she can measure in that basis and not be detected.$\endgroup$Ã¢â‚¬â€œDaftWullieCommentedNov 21, 2018 at 10:42
DaftWullie (/users/1837/daftwullie)
Add a comment (#)
 (#)",518.0,1,519.0
Security,"Will quantum computing kill cryptocurrencies, ecommerce and private communications (Signal, TOR, etc)?"," (/posts/12504/timeline)
And if a specific country or nation-state gets a breakthrough and keeps quiet about it, can they go about quietly decrypting everything online with us none the wiser and expecting/thinking we're safe?
EDIT:
A previous question with link was presented. I've read it but it doesn't address a couple things:
the top answer states ""...just elect to do a hard fork to post-quantum cryptography."" Will PQC be easily available to crypto creators/admins and is it really that trivial and easy to do? Is it as simple as switching certs or will software have to be rewritten?
can someone (person, entity, organization) get a breakthrough and keeps quiet about it and be quietly decrypting everything online (crypto, ecommerce, private comms) without anyone noticing?
EDIT 2:
What TinaS said about a nation or company intercepting and storing current communications and decrypting it later when the technology is available worries me. Crypto wallet keys and mnenomic seeds are immutable and will be the same years from now when the QC breakthrough happens. Credit card numbers, expiration dates and security codes are good for the life of the card which is usually 4 years. Bank account info, private conversations (phone, videochat, etc), sensitive info (members list, contacts, etc) and private documents (archives, photos, signatures) are also long-term.
The solution cannot be reactive, it can't be ""post-quantum"". It can't simply be ""electing to do a hard fork"" or installing new certs. It certainly won't be flipping a switch. It will be too late then.
Once it is revealed, both the direct and collateral damage will result in carnage along with the scramble to rewrite a ton of software. I'm skeptical of this redesign & rewrite of software - what I consider the ""adapt & survive"" phase. As Michele Amoretti says, there will be a collapse in the markets and unpredictable consequences. Just think of all the things that hackers can do with the strong encryption and layers of security that we have now. The consequences of bad actors getting a hold of the info I listed above would be anyone's guess but it would be likely that some businesses, organizations and entities will cease to exist. What happens if we can't transact in cryptocurrencies or do ecommerce for 12-18 months? What happens to people who depend on TOR or Signal to get things done?
EDIT 3:Can current non-QC software be modified or rewritten (moving away from RSA based encryption) to prevent decryption by quantum computing or will everyone implementing cryptocurrencies, ecommerce, and private communications have to upgrade to QC software AND hardware to be able to implement encryption that can hold up to decryption attempts by quantum computing?
Let's say a person or lab working on QC achieves a breakthrough and publishes it in a scientific journal for everyone to see, what exactly are the steps we take to secure our current encrypted systems? If the answer to my question above is the latter, maybe would things play out this way:
1. chip makers start working on a QC chip or chipset
2. when #1 is achieved, OS vendors would start rewriting code for an operating system for that chip
3. when #2 is achieved, vendors for software development platform (Java, .NET, etc) would start rewriting their code
4. when #3 is achieved, vendors for software for cryptocurrencies, ecommerce, and private comms would start (re)writing code
cryptocurrency
cryptocurrency (/questions/tagged/cryptocurrency)
Share (/q/12504)
Improve this question (/posts/12504/edit)
editedJun 18, 2020 at 6:59 (/posts/12504/revisions)
 (/users/12378/theman)
theman (/users/12378/theman)
$\begingroup$Does this answer your question?Does quantum computing threaten blockchain?$\endgroup$Ã¢â‚¬â€œMark SpinelliCommentedJun 16, 2020 at 2:40
Does quantum computing threaten blockchain? (https://quantumcomputing.stackexchange.com/questions/1679/does-quantum-computing-threaten-blockchain)
Mark Spinelli (/users/2927/mark-spinelli)
$\begingroup$MarkS - thanks for pointing that out. I've read thru that link and it doesn't answer my question. I'll edit my question to address this.$\endgroup$Ã¢â‚¬â€œthemanCommentedJun 16, 2020 at 3:25
theman (/users/12378/theman)
$\begingroup$Question updated.$\endgroup$Ã¢â‚¬â€œthemanCommentedJun 18, 2020 at 19:56
theman (/users/12378/theman)
Add a comment (#)
 (#)",466.0,4,156.66666666666666
Security,Entangling attack on BB84 protocol," (/posts/28300/timeline)
I am trying to solve the exercise 5.3 from the book ""A Gentle Introduction to Quantum Computing"". The exercise reads as follows:
Suppose Eve attacks the BB84 quantum key distribution of Section 2.4 as follows. For each qubit she intercepts, she prepares a second qubit in state$|0\rangle$, applies a$C_{\text{not}}$from the transmitted qubit to her prepared qubit, sends the first qubit on to Bob, and measures her qubit. How much information can she gain, on average, in this way? What is the probability that she is detected by Alice and Bob when they compare s bits? How do these quantities compare to those of the direct measure-and-transmit strategy discussed in Section 2.4?
First of all, there is a solution in thislink. I am going to explain my conclusions and you will see how they differ from this solution.
link (http://twoqubits.wikidot.com/ex5-3)
We have to analize two cases:
Alice codifies in the standard basis. In this case we see that:$$
\begin{align}
C_{NOT}(|0\rangle_A|0\rangle_E) &=|0\rangle_A|0\rangle_E \\
C_{NOT}(|1\rangle_A|0\rangle_E) &=|1\rangle_A|1\rangle_E
\end{align}
$$Now, if Eve reads in standard basis (std) and Bob does the same, Eve would obtain the bit of the shared chain and she would be undetected. If she uses the Hadamard basis (Had) she would not obtain any information, but, because his qubit is unentangled with respect to Bob's qubit, she would stay undetected.
Either way, Eve would be undetected 100% of the time and would obtain info 50% of the time. This in absolute probabilities translates into:$$
\begin{align}
\mathbb{P}_1(\text{Eve gets info}) &= \mathbb{P}(\text{Alice uses std}) \cdot \mathbb{P}(\text{Eve reads in std}) \cdot \mathbb{P}(\text{Bob reads in std}) \\
&= \frac{1}{2} \cdot \frac{1}{2} \cdot \frac{1}{2} = \frac{1}{8}\
\end{align}
$$
Alice codifies in the standard basis. In this case we see that:$$
\begin{align}
C_{NOT}(|0\rangle_A|0\rangle_E) &=|0\rangle_A|0\rangle_E \\
C_{NOT}(|1\rangle_A|0\rangle_E) &=|1\rangle_A|1\rangle_E
\end{align}
$$Now, if Eve reads in standard basis (std) and Bob does the same, Eve would obtain the bit of the shared chain and she would be undetected. If she uses the Hadamard basis (Had) she would not obtain any information, but, because his qubit is unentangled with respect to Bob's qubit, she would stay undetected.
Either way, Eve would be undetected 100% of the time and would obtain info 50% of the time. This in absolute probabilities translates into:$$
\begin{align}
\mathbb{P}_1(\text{Eve gets info}) &= \mathbb{P}(\text{Alice uses std}) \cdot \mathbb{P}(\text{Eve reads in std}) \cdot \mathbb{P}(\text{Bob reads in std}) \\
&= \frac{1}{2} \cdot \frac{1}{2} \cdot \frac{1}{2} = \frac{1}{8}\
\end{align}
$$
Alice codifies in Had. In this case we see that:$$
\begin{align}
C_{NOT}(|+\rangle_A|0\rangle_E) &=|\Phi^{+}\rangle = \frac{1}{\sqrt{2}}(|0\rangle_A|0\rangle_E + |1\rangle_A|1\rangle_E) \\
C_{NOT}(|-\rangle_A|0\rangle_E) &=|\Phi^{-}\rangle = \frac{1}{\sqrt{2}}(|0\rangle_A|0\rangle_E - |1\rangle_A|1\rangle_E)
\end{align}
$$In this case, Eve's and Bob's qubits are entangled (Bell states). It is clear that we can read$|0\rangle$or$|1\rangle$with equal probability when we use std. But if we rewrite the states as:$$
\begin{align}
|\Phi^{+}\rangle &= \frac{1}{\sqrt{2}}(|+\rangle_A|-\rangle_E + |-\rangle_A|+\rangle_E) \\
|\Phi^{-}\rangle &= \frac{1}{\sqrt{2}}(|+\rangle_A|-\rangle_E - |-\rangle_A|+\rangle_E)
\end{align}
$$it becomes as clear that if we read with Had we also have equal probability of reading$|+\rangle$or$|-\rangle$. Now, there are various combinations that we have to have into account:Eve reads with std and Bob with Had. In this case Eve won't obtain a valid value of the chain and Bob and Alice will detect Eve 50% of the times.$$
\begin{align}
\mathbb{P}_1 &(\text{Eve gets detected}) \\
&= \mathbb{P}(\text{Alice uses Had}) \cdot \mathbb{P}(\text{Eve reads in std}) \cdot \mathbb{P}(\text{Bob reads in Had}) \cdot \mathbb{P}(\text{Bob dif value}) \\
&= \frac{1}{2} \cdot \frac{1}{2} \cdot \frac{1}{2} \cdot \frac{1}{2} = \frac{1}{16}\
\end{align}
$$Eve reads with Had and Bob with Had. The results will be oposite but, because Eve knows this, she knows the chain value. Bob and Alice will detect Eve 50% of the times.$$
\begin{align}
\mathbb{P}_2(\text{Eve gets info}) &= \mathbb{P}(\text{Alice uses Had}) \cdot \mathbb{P}(\text{Eve reads in Had}) \cdot \mathbb{P}(\text{Bob reads in Had}) \\
&= \frac{1}{2} \cdot \frac{1}{2} \cdot \frac{1}{2} = \frac{1}{8}\
\end{align}
$$The probability of Eve getting detected is the same as in the previous point$\mathbb{P}_2(\text{Eve gets detected}) = \mathbb{P}_1(\text{Eve gets detected})$.Bob reads with std. It doesn't matter what Eve does because the value will be discarded.
Alice codifies in Had. In this case we see that:$$
\begin{align}
C_{NOT}(|+\rangle_A|0\rangle_E) &=|\Phi^{+}\rangle = \frac{1}{\sqrt{2}}(|0\rangle_A|0\rangle_E + |1\rangle_A|1\rangle_E) \\
C_{NOT}(|-\rangle_A|0\rangle_E) &=|\Phi^{-}\rangle = \frac{1}{\sqrt{2}}(|0\rangle_A|0\rangle_E - |1\rangle_A|1\rangle_E)
\end{align}
$$In this case, Eve's and Bob's qubits are entangled (Bell states). It is clear that we can read$|0\rangle$or$|1\rangle$with equal probability when we use std. But if we rewrite the states as:$$
\begin{align}
|\Phi^{+}\rangle &= \frac{1}{\sqrt{2}}(|+\rangle_A|-\rangle_E + |-\rangle_A|+\rangle_E) \\
|\Phi^{-}\rangle &= \frac{1}{\sqrt{2}}(|+\rangle_A|-\rangle_E - |-\rangle_A|+\rangle_E)
\end{align}
$$it becomes as clear that if we read with Had we also have equal probability of reading$|+\rangle$or$|-\rangle$. Now, there are various combinations that we have to have into account:
Eve reads with std and Bob with Had. In this case Eve won't obtain a valid value of the chain and Bob and Alice will detect Eve 50% of the times.$$
\begin{align}
\mathbb{P}_1 &(\text{Eve gets detected}) \\
&= \mathbb{P}(\text{Alice uses Had}) \cdot \mathbb{P}(\text{Eve reads in std}) \cdot \mathbb{P}(\text{Bob reads in Had}) \cdot \mathbb{P}(\text{Bob dif value}) \\
&= \frac{1}{2} \cdot \frac{1}{2} \cdot \frac{1}{2} \cdot \frac{1}{2} = \frac{1}{16}\
\end{align}
$$
Eve reads with Had and Bob with Had. The results will be oposite but, because Eve knows this, she knows the chain value. Bob and Alice will detect Eve 50% of the times.$$
\begin{align}
\mathbb{P}_2(\text{Eve gets info}) &= \mathbb{P}(\text{Alice uses Had}) \cdot \mathbb{P}(\text{Eve reads in Had}) \cdot \mathbb{P}(\text{Bob reads in Had}) \\
&= \frac{1}{2} \cdot \frac{1}{2} \cdot \frac{1}{2} = \frac{1}{8}\
\end{align}
$$The probability of Eve getting detected is the same as in the previous point$\mathbb{P}_2(\text{Eve gets detected}) = \mathbb{P}_1(\text{Eve gets detected})$.
Bob reads with std. It doesn't matter what Eve does because the value will be discarded.
So, we can conclude that:
$$
\mathbb{P}(\text{Eve gets detected}) = \mathbb{P}_1(\text{Eve gets detected}) +\mathbb{P}_2(\text{Eve gets detected}) = \frac{1}{16} + \frac{1}{16} = \frac{1}{8},
$$
so, if they compare$s$bits, the probability of Eve getting detected should be$1 - \left(\frac{7}{8}\right)^{s}$.
And$$
\mathbb{P}(\text{Eve gets info}) = \mathbb{P}_1(\text{Eve gets info}) +\mathbb{P}_2(\text{Eve gets info}) = \frac{1}{8} + \frac{1}{8} = \frac{1}{4}.
$$
I hope someone will be able to confirm that my solution is right or, otherwise, where it is wrong. Both would be equally great!
quantum-state
quantum-state (/questions/tagged/quantum-state)
entanglement
entanglement (/questions/tagged/entanglement)
cryptography
cryptography (/questions/tagged/cryptography)
bb84
bb84 (/questions/tagged/bb84)
Share (/q/28300)
Improve this question (/posts/28300/edit)
editedSep 27, 2022 at 17:38 (/posts/28300/revisions)
 (/users/55/gls)
glS (/users/55/gls)
 (/users/21982/jorge-v%c3%a1zquez-p%c3%a9rez)
Jorge VÃƒÂ¡zquez PÃƒÂ©rez (/users/21982/jorge-v%c3%a1zquez-p%c3%a9rez)
1$\begingroup$Welcome to QCSE. IÃ¢â‚¬â„¢m pretty sure this is right, but itÃ¢â‚¬â„¢s not clear how to answer this without simply saying Ã¢â‚¬Å“ItÃ¢â‚¬â„¢s right, good job.Ã¢â‚¬Â Can you consider editing your posting toask a question whose answer is not just Ã¢â‚¬Å“Yes thatÃ¢â‚¬â„¢s correctÃ¢â‚¬Â? For example, is there a particular aspect of EveÃ¢â‚¬â„¢s attack that youÃ¢â‚¬â„¢d like to know more about?$\endgroup$Ã¢â‚¬â€œMark SpinelliCommentedSep 27, 2022 at 23:49
Mark Spinelli (/users/2927/mark-spinelli)
$\begingroup$@MarkS Sorry, I am not used to ask questions, even though I have read a lot of them over the years! I just wanted to make sure that my solution and my understanding of the attack was right, because I'm trying to build my foundations correctly. But now that you asked, can you tell me if there is a more effective Eve's attack? Thank you very much.$\endgroup$Ã¢â‚¬â€œJorge VÃƒÂ¡zquez PÃƒÂ©rezCommentedSep 28, 2022 at 15:34
Jorge VÃƒÂ¡zquez PÃƒÂ©rez (/users/21982/jorge-v%c3%a1zquez-p%c3%a9rez)
Add a comment (#)
 (#)",404.0,3,407.0
