Challenge_Type,question_title,Question_body,views,votes,difficulty_score
Unclassified,Logical bit-flip and Phase-flip operators of ShorÃ¢â‚¬â„¢s 9-qubit code," (/posts/16789/timeline)
The logical basis states of the ShorÃ¢â‚¬â„¢s 9-qubit code are given by
$|0_L\rangle = \frac{(|000\rangle+|111\rangle)(|000\rangle+|111\rangle)(|000\rangle+|111\rangle)}{2\sqrt{2}}, |1_L\rangle = \frac{(|000\rangle-|111\rangle)(|000\rangle-|111\rangle)(|000\rangle-|111\rangle)}{2\sqrt{2}}$
What's the logical bit-flip$\hat{X}_L$and phase-flip operators$\hat{Z}_L$
shors-algorithm
shors-algorithm (/questions/tagged/shors-algorithm)
Share (/q/16789)
Improve this question (/posts/16789/edit)
 (/users/14787/heromano)
heromano (/users/14787/heromano)
Add a comment (#)
 (#)",999.0,4,501.5
Unclassified,How to calculate the average fidelity of an amplitude damping channel," (/posts/16074/timeline)
An answer tothis questionshows how to calculate the average fidelity of a depolarizing channel. How would one go about calculating this for anamplitude dampening channel? I tried working out the math myself but had no luck. The tricks used in the previous answer can't be applied in this new scenario it seems...
this question (https://quantumcomputing.stackexchange.com/questions/15425/simulate-a-quantum-channel-with-a-certain-fidelity)
amplitude dampening channel (https://en.wikipedia.org/wiki/Amplitude_damping_channel)
quantum-state
quantum-state (/questions/tagged/quantum-state)
quantum-operation
quantum-operation (/questions/tagged/quantum-operation)
fidelity
fidelity (/questions/tagged/fidelity)
Share (/q/16074)
Improve this question (/posts/16074/edit)
editedFeb 17, 2021 at 9:18 (/posts/16074/revisions)
 (/users/10480/adam-zalcman)
Adam Zalcman (/users/10480/adam-zalcman)
 (/users/14239/quantum-guy-123)
Quantum Guy 123 (/users/14239/quantum-guy-123)
Add a comment (#)
 (#)",994.0,8,501.0
Unclassified,What exactly makes VQE faster than classical optimization?," (/posts/24343/timeline)
I have been trying to understand Variational Quantum Eigensolver (VQE), particularly from the non-linear binary programming perspective. But after reading a few resources I'm still confused about where exactly the algorithm promise a speed-up over classical one. The key steps where quantum properties provide advantages seem to be:
Ansatz preparation$|\psi(\theta)\rangle = U(\theta)|\psi_0\rangle$, where classically this would involve applying matrices of size$2^N$.
Computing the expectation$\langle \psi(\theta)|H|\psi(\theta)\rangle$.
Is this essentially correct?
I think I can accept step 1. but for step 2. how does quantum computer computes$\langle \psi(\theta)|H|\psi(\theta)\rangle$quickly in practice?
I read from several places, e.g.Why exactly are variational algorithms considered promising?that this is done by making repeated measurements to find the approximated distribution of bitstrings in$|\psi(\theta)\rangle$, then compute the expectation value of$H$classically. The important point seems to be that if$H$is bounded by some$C$, then the number of samples required to estimate$\langle \psi(\theta)|H|\psi(\theta)\rangle$to$\epsilon > 0$precision seems to be$O(C^2/\epsilon^2)$, which grows polynomially with problem size if$C$does (see e.g. 4.3.3 remark inhttps://qiskit.org/textbook/ch-applications/qaoa.html#:~:text=QAOA%20(Quantum%20Approximate%20Optimization%20Algorithm,(%20%CE%B2%20%2C%20%CE%B3%20)%20%E2%9F%A9%20). On the other hand, even to simulate the sampling process classically we need to store distribution$|\psi(\theta)\rangle$which requires$2^N$space and also another$2^N$loop to simulate sampling process (dividing$[0,1]$into$2^N$subintervals and do a uniform distribution or something?).
Why exactly are variational algorithms considered promising? (https://quantumcomputing.stackexchange.com/questions/18387/why-exactly-are-variational-algorithms-considered-promising)
https://qiskit.org/textbook/ch-applications/qaoa.html#:~:text=QAOA%20(Quantum%20Approximate%20Optimization%20Algorithm,(%20%CE%B2%20%2C%20%CE%B3%20)%20%E2%9F%A9%20) (https://qiskit.org/textbook/ch-applications/qaoa.html#:%7E:text=QAOA%20(Quantum%20Approximate%20Optimization%20Algorithm,(%20%CE%B2%20%2C%20%CE%B3%20)%20%E2%9F%A9%20))
But if we are only going to measure$|\psi(\theta)\rangle$w.r.t.$Z$-basis then compute the expectation value of$H$classically, then why many resources such ashttps://arxiv.org/pdf/2111.05176.pdfseems to suggest the importance of having$H$in a form that is `directly measurable on quantum computer' (see page 7)? This apparently restricts$H$to the form$H = \sum w_a P_a$where$P_a \in \{I, X, Y, Z\}^{\otimes N}$, instead of$H$being any bounded functions$\{0,1\}^N\rightarrow \mathbb{R}$which should be allowed if we are just going to compute the expectation value classically.
https://arxiv.org/pdf/2111.05176.pdf (https://arxiv.org/pdf/2111.05176.pdf)
measurement
measurement (/questions/tagged/measurement)
vqe
vqe (/questions/tagged/vqe)
quantum-advantage
quantum-advantage (/questions/tagged/quantum-advantage)
Share (/q/24343)
Improve this question (/posts/24343/edit)
editedMar 3, 2022 at 9:58 (/posts/24343/revisions)
 (/users/19718/user113988)
user113988 (/users/19718/user113988)
Add a comment (#)
 (#)",991.0,4,995.0
Unclassified,Using Qiskit VQE for solving an eigenvalue problem," (/posts/14934/timeline)
I am a new user of Qiskit and I believe there is a simple answer to my question but I have had a very hard time finding a straightforward answer. I am trying to transform a given$3 \times 3$(Hermitian) Hamiltonian matrix into a qubit operator and then use the built-in VQE solver for evaluating the minimum eigenvalue for said matrix.
I have been successful in doing something similar using theqiskit.chemistry.FermionicOperatorbuilt-in class (see example below) but for this example the Hamiltonian is mapped to a Fermionic one-body qubit Hamiltonian which has$2^n$eigenvalues instead of$n$eigenvalues (where$n=3$for this case). I am hoping there is a simple way to directly map a matrix to a qubit operator. My vague understanding is I need to write the matrix as a sum of weighted Pauli operators but I would expect there would exist some predefined function for doing this? (I have looked at the source code for theFermionicOperatorclass but it did not help me much).
qiskit.chemistry.FermionicOperator
FermionicOperator
import numpy as np
import scipy
import h5py

from qiskit.aqua.algorithms import VQE, NumPyEigensolver
from qiskit.chemistry import FermionicOperator
from qiskit import Aer

backend = Aer.get_backend(""qasm_simulator"")

c1=1
c2=2
c3=3

ff=np.zeros((3,3))
ff[1,1]=2
ff[2,2]=1

n=3

Hamil=np.zeros((n,n))
Hamil[1,1]=c2
Hamil[2,2]=-c3/2+c2
Hamil[0,2]=np.sqrt(2)*c1
Hamil[1,2]=np.sqrt(2)*c1
Hamil[2,0]=np.sqrt(2)*c1
Hamil[2,1]=np.sqrt(2)*c1

vals,vecs=np.linalg.eig(Hamil)

print(""Standard Eigenvalues: "")
print(vals)

Hamil_op = FermionicOperator(h1=Hamil)
Hamil_ops = Hamil_op.mapping(map_type='parity', threshold=1e-12)
result = NumPyEigensolver(Hamil_ops,k=int(2**n)).run()

print(""Quibit Eigenvalues="")
print(result['eigenvalues'])

vqe = VQE(operator=Hamil_ops)
vqe_result = np.real(vqe.run(backend)['eigenvalue'])
print(""VQE Eigenvalue"")
print(vqe_result)
import numpy as np
import scipy
import h5py

from qiskit.aqua.algorithms import VQE, NumPyEigensolver
from qiskit.chemistry import FermionicOperator
from qiskit import Aer

backend = Aer.get_backend(""qasm_simulator"")

c1=1
c2=2
c3=3

ff=np.zeros((3,3))
ff[1,1]=2
ff[2,2]=1

n=3

Hamil=np.zeros((n,n))
Hamil[1,1]=c2
Hamil[2,2]=-c3/2+c2
Hamil[0,2]=np.sqrt(2)*c1
Hamil[1,2]=np.sqrt(2)*c1
Hamil[2,0]=np.sqrt(2)*c1
Hamil[2,1]=np.sqrt(2)*c1

vals,vecs=np.linalg.eig(Hamil)

print(""Standard Eigenvalues: "")
print(vals)

Hamil_op = FermionicOperator(h1=Hamil)
Hamil_ops = Hamil_op.mapping(map_type='parity', threshold=1e-12)
result = NumPyEigensolver(Hamil_ops,k=int(2**n)).run()

print(""Quibit Eigenvalues="")
print(result['eigenvalues'])

vqe = VQE(operator=Hamil_ops)
vqe_result = np.real(vqe.run(backend)['eigenvalue'])
print(""VQE Eigenvalue"")
print(vqe_result)
With result:
Standard Eigenvalues:
[-1.45426242  0.90078898  3.05347344]
Quibit Eigenvalues=
[-1.45426242+0.j -0.55347344+0.j  0.        +0.j  0.90078898+0.j
  1.59921102+0.j  2.5       +0.j  3.05347344+0.j  3.95426242+0.j]
VQE Eigenvalue
0.18608074335373637
Standard Eigenvalues:
[-1.45426242  0.90078898  3.05347344]
Quibit Eigenvalues=
[-1.45426242+0.j -0.55347344+0.j  0.        +0.j  0.90078898+0.j
  1.59921102+0.j  2.5       +0.j  3.05347344+0.j  3.95426242+0.j]
VQE Eigenvalue
0.18608074335373637
qiskit
qiskit (/questions/tagged/qiskit)
programming
programming (/questions/tagged/programming)
vqe
vqe (/questions/tagged/vqe)
linear-algebra
linear-algebra (/questions/tagged/linear-algebra)
Share (/q/14934)
Improve this question (/posts/14934/edit)
editedDec 10, 2020 at 8:41 (/posts/14934/revisions)
 (/users/55/gls)
glS (/users/55/gls)
 (/users/14009/john-r)
John R (/users/14009/john-r)
$\begingroup$Welcome to the community!$\endgroup$Ã¢â‚¬â€œuser1271772 No more free timeCommentedDec 2, 2020 at 20:03
user1271772 No more free time (/users/2293/user1271772-no-more-free-time)
1$\begingroup$If I understand correctly, you are trying to decompose your $3 \times 3$ Hamiltonian into Pauli strings? If this is the case then it is not possible as product of Pauli matrices are in dimension of $2^n$.$\endgroup$Ã¢â‚¬â€œKAJ226CommentedDec 2, 2020 at 21:43
KAJ226 (/users/9858/kaj226)
$\begingroup$Thank you for making this point clear. Still, the question stands: is it possible to represent a 3x3 matrix as a qubit operator in qiskit for use in the VQE?$\endgroup$Ã¢â‚¬â€œJohn RCommentedDec 2, 2020 at 22:08
John R (/users/14009/john-r)
1$\begingroup$Hello, I understand you want to create an Operator from a matrix, did you try the Operator class in qiskit.quantum_info? Here is the tutorial from Qiskit, does this help?qiskit.org/documentation/tutorials/circuits_advanced/Ã¢â‚¬Â¦$\endgroup$Ã¢â‚¬â€œLenaCommentedDec 3, 2020 at 9:52
qiskit.org/documentation/tutorials/circuits_advanced/Ã¢â‚¬Â¦ (https://qiskit.org/documentation/tutorials/circuits_advanced/02_operators_overview.html)
Lena (/users/12396/lena)
$\begingroup$Thanks for the suggestion Lena, I tried looking through that documentation but it does not seem to be compatible with theNumPyEigensolverclass (at least not in a straighforward way that I can figure out).$\endgroup$Ã¢â‚¬â€œJohn RCommentedDec 4, 2020 at 19:37
NumPyEigensolver
John R (/users/14009/john-r)
Add a comment (#)
 (#)",983.0,3,493.0
Unclassified,Kadison Schwarz Inequality proof via 2 positivity,"While reading Holevo's book on Quantum Information Theory, there was an exercise question.
Let
$\Phi$
be a 2-positive linear operator map (between
$\mathcal{L}(H)$
to
$\mathcal{L}(H)$
,
$H$
being a Hilbert space). That is:
$$\Phi\otimes I_2 \geq 0$$
where
$I_2$
is the identity map for
$2\times 2$
matrices. Then show that for any operator
$X\in \mathcal{L}(H)$
,
$$\Phi(X^*)\Phi(X)\leq \|\Phi(I)\|\Phi(X^*X)$$
The hint was to exploit 2-positivity. I then checked some of the answers on the site, but I observed that either those were special cases of above or they gave some alternate proof. I'm not very comfortable manipulating tensors, but this is what I got so far.
Proof: 
Let
$T$
be defined as
$$\tag{a}T=\begin{bmatrix}
I && X \\
0 && 0 
\end{bmatrix} 
$$
Then
$T^*T\geq 0$
and
$$T^*T=\begin{bmatrix}
I && X \\
X^* && X^*X
\end{bmatrix}
$$
Now
$$\tag{b}(\Phi \otimes I_2)(T^*T)=\begin{bmatrix}
\Phi(I) && \Phi(X) \\
\Phi(X^*) && \Phi(X^*X)
\end{bmatrix} \geq 0 $$
Now for any vector
$U$
in the tensor space we have that
$\langle U^*(\Phi \otimes I_2)( T^*T)U\rangle \ge 0$
. Now if
$\Phi(I) = \|\Phi(I)\|I = \alpha I$
, then pick
$$U=\begin{bmatrix}-\Phi(X) \\ \alpha I \end{bmatrix}$$
Substitute in the inner product above to get the result.
Now I have a few doubts about this proof:
$(a)$
Is
$T$
as defined above an element in the tensor space? I have trouble visualizing it.
$(b)$
Is step (b) valid. All i've done is apply Phi to every element in the matrix.
$(c)$
Is
$\Phi(I)=\alpha I$
as I've mentioned above? I only have a proof if this is true. The proofs I've seen earlier assume
$\Phi$
is unital, so this is not an issue there.
In short, I have trouble visualizing
$\Phi \otimes I_2$
. I'd appreciate it if someone can clear the aforementioned doubts.
Update:
I think I should view
$T$
as
$$T=I\otimes \begin{bmatrix}1 && 0\\ 0 && 0\end{bmatrix} + X\otimes \begin{bmatrix}0 && 1\\ 0 && 0\end{bmatrix}$$",977.0,2,979.0
Unclassified,"In Qiskit quantum teleportation protocol, why they use CZ and CX gate at the end?"," (/posts/12085/timeline)
 (https://i.sstatic.net/B1j35.png)
I understand the simple quantum teleportation protocol and why it uses X and Z gate at the end of the circuit.
I was researching about the Qiskit and I came across this video
https://www.youtube.com/watch?v=mMwovHK2NrE
https://www.youtube.com/watch?v=mMwovHK2NrE (https://www.youtube.com/watch?v=mMwovHK2NrE)
which uses the following algorithm for quantum teleportation.
 (https://i.sstatic.net/apWPa.png)
I don't understand why they use CX and CZ gate with qubits$q_0$and$q_1$as controls and qubit$q_2$as the target at the end.
Please try to explain why they're using CZ and CX gate at the end of the circuit.
quantum-gate
quantum-gate (/questions/tagged/quantum-gate)
qiskit
qiskit (/questions/tagged/qiskit)
circuit-construction
circuit-construction (/questions/tagged/circuit-construction)
teleportation
teleportation (/questions/tagged/teleportation)
Share (/q/12085)
Improve this question (/posts/12085/edit)
editedMay 20, 2020 at 6:49 (/posts/12085/revisions)
 (/users/2879/mariia-mykhailova)
Mariia Mykhailova (/users/2879/mariia-mykhailova)
 (/users/11906/quintis)
Quintis (/users/11906/quintis)
$\begingroup$Which part exactly don't you understand? In the top example they also usecxandczgates at the end of the circuit$\endgroup$Ã¢â‚¬â€œmet927CommentedMay 19, 2020 at 19:23
cx
cz
met927 (/users/5955/met927)
Add a comment (#)
 (#)",973.0,2,325.0
Unclassified,Explicit form for composition of Choi representation quantum channels," (/posts/10126/timeline)
Let$|\Omega \rangle$be the maximally entangled state over a bipartite system whose parts are each dimension$d$, i.e.$$
| \Omega \rangle \equiv \sum_i^{d}| ii \rangle
$$
Then one way of writing the Choi representation$J(\Phi)$of a channel$\Phi: \mathbb{C}^{d\times d} \rightarrow \mathbb{C}^{d\times d}$that acts on density operators$\rho \in \mathbb{C}^{d \times d}$is:$$
J(\Phi) \equiv (I \otimes \Phi )| \Omega \rangle \langle \Omega |
$$
If I choose$\Phi_U$to be a unitary channel (i.e.$\Phi_U (\rho ) = U\rho U^\dagger$) then its Choi representation in this notation would be:$$
J(\Phi_U) \equiv (I \otimes U)| \Omega \rangle \langle \Omega |(I \otimes U^\dagger)
$$
My question is, is there an explicit way to represent compositions of unitaries in terms of the unitaries' respective Choi representations? In other words, if$\Phi_{U\circ V}(\rho) \equiv UV\rho (UV)^\dagger$, how can I ""nicely"" represent$J(\Phi_{U \circ V})$, for example in terms of$J(\Phi_U)$and$J(\Phi_V)$and linear operations in$\mathbb{C}^{d^2 \times d^2}$?
quantum-operation
quantum-operation (/questions/tagged/quantum-operation)
noise
noise (/questions/tagged/noise)
unitarity
unitarity (/questions/tagged/unitarity)
Share (/q/10126)
Improve this question (/posts/10126/edit)
editedSep 3, 2020 at 15:03 (/posts/10126/revisions)
 (/users/55/gls)
glS (/users/55/gls)
 (/users/1939/forky40)
forky40 (/users/1939/forky40)
1$\begingroup$Please note that you can define the Choi matrix for the composite map much easier from U and V directly (in a similar manner as how you define the Choi matrix for U only). If you want to explicitly compute it from the Choi matrices themselves, I feel that it is the easiest to diagonalize them (they're both rank 1), essentially obtaining a Kraus representation (which are, of course, U and V themselves in your case).  A different approach can be to compute their S-matrices (seearxiv.org/pdf/quant-ph/0504091.pdf), as a composition of maps becomes a matrix product in this formulation.$\endgroup$Ã¢â‚¬â€œJSdJCommentedMar 9, 2020 at 21:56
arxiv.org/pdf/quant-ph/0504091.pdf (https://arxiv.org/pdf/quant-ph/0504091.pdf)
JSdJ (/users/8141/jsdj)
Add a comment (#)
 (#)",971.0,6,325.6666666666667
Unclassified,GridQubit in Cirq vs LineQubit," (/posts/6566/timeline)
It's perhaps a very silly question, but in what ways is it advantageous to use GridQubit vs LineQubits to develop quantum circuits? Specially to develop ansatz ? Are GridQubits Cirq's way of representing lattices or possibly surface codes?
Thank you
quantum-state
quantum-state (/questions/tagged/quantum-state)
simulation
simulation (/questions/tagged/simulation)
hamiltonian-simulation
hamiltonian-simulation (/questions/tagged/hamiltonian-simulation)
cirq
cirq (/questions/tagged/cirq)
surface-code
surface-code (/questions/tagged/surface-code)
Share (/q/6566)
Improve this question (/posts/6566/edit)
 (/users/6253/enrique-segura)
Enrique Segura (/users/6253/enrique-segura)
Add a comment (#)
 (#)",966.0,3,323.0
Unclassified,What is the charge noise in the context of superconducting qubits?," (/posts/29267/timeline)
I read from some papers that the charge noise is one of the factors that cause decoherence of qubits. May I know what charge noise is and how exactly the charge fluctuation affects the qubit frequency? I also saw a term charge dispersion and have no idea what it is. Thank you so much!
superconducting-quantum-computing
superconducting-quantum-computing (/questions/tagged/superconducting-quantum-computing)
decoherence
decoherence (/questions/tagged/decoherence)
transmon
transmon (/questions/tagged/transmon)
Share (/q/29267)
Improve this question (/posts/29267/edit)
editedDec 9, 2022 at 17:55 (/posts/29267/revisions)
 (/users/8954/daniele-cuomo)
Daniele Cuomo (/users/8954/daniele-cuomo)
 (/users/22566/hans)
Hans (/users/22566/hans)
Add a comment (#)
 (#)",959.0,2,480.5
Unclassified,"When using Qiskit's plot_bloch_vector function, how can I set colors for vectors?"," (/posts/26098/timeline)
I am able to visualize vectors on a bloch sphere using Qiskit as follows:
from qiskit.quantum_info import Statevector
from qiskit.visualization import plot_bloch_vector
%matplotlib inline

sv = []
sv.append([0,1,0])
sv.append([0,0,1])
sv.append([1,0,0])

fig = plot_bloch_vector(sv)
fig
from qiskit.quantum_info import Statevector
from qiskit.visualization import plot_bloch_vector
%matplotlib inline

sv = []
sv.append([0,1,0])
sv.append([0,0,1])
sv.append([1,0,0])

fig = plot_bloch_vector(sv)
fig
The code above yields the following result (which looks good):
 (https://i.sstatic.net/2ZkQW.png)
Now I would like to adjust the colors of each vector. The API of Qiskit seems not to provide any color parameter forplot_bloch_vector. Maybe we can manipulate thefigobject directly or find another way to adjust vector colors?
plot_bloch_vector
fig
qiskit
qiskit (/questions/tagged/qiskit)
programming
programming (/questions/tagged/programming)
bloch-sphere
bloch-sphere (/questions/tagged/bloch-sphere)
Share (/q/26098)
Improve this question (/posts/26098/edit)
editedApr 22, 2022 at 9:55 (/posts/26098/revisions)
 (/users/55/gls)
glS (/users/55/gls)
 (/users/18841/eldar-sultanow)
Eldar Sultanow (/users/18841/eldar-sultanow)
Add a comment (#)
 (#)",958.0,2,480.0
