Challenge_Type,Keyword,TFIDF_Score
Technical,error,0.7923
Implementation,stim,0.5614
Security,eve,0.4557
Security,bob,0.3943
Implementation,false,0.3696
Unclassified,import,0.3641
Security,alice,0.3264
Implementation,tableau,0.3254
Security,div,0.3125
Unclassified,cirq,0.306
Unclassified,vqe,0.3012
Unclassified,2c,0.3009
Technical,correction,0.2671
Security,li,0.2607
Implementation,paulistring,0.2386
General,complex,0.2378
General,import,0.2378
Security,cryptography,0.2322
Technical,import,0.2316
Implementation,stabilizer,0.2293
Implementation,benchmarking,0.2245
Security,attack,0.2057
General,mark,0.2028
General,spinelli,0.189
Unclassified,backend,0.1669
Security,authentication,0.1666
Security,qkd,0.1665
Implementation,qutip,0.1661
Security,bb84,0.1643
Security,encryption,0.1643
Unclassified,rho,0.1591
General,cirq,0.159
General,rho,0.1489
General,1j,0.1399
Unclassified,5d,0.1311
General,ethical,0.128
Technical,backend,0.1276
Security,aes,0.127
General,local,0.1252
Technical,rec,0.1244
Implementation,cuquantum,0.124
Implementation,cirq,0.124
Technical,stabilizer,0.1218
General,dagger,0.1189
Security,security,0.1183
Unclassified,quantumcircuit,0.1164
Security,secure,0.1161
Technical,py,0.1137
General,bmatrix,0.1131
General,fourier,0.1114
General,circuits,0.1101
Implementation,count,0.1099
General,wikipedia,0.1089
Technical,lib,0.1068
General,array,0.1064
General,vqe,0.1041
General,bqp,0.1039
Technical,errors,0.1038
Implementation,envs,0.1029
Implementation,py,0.1029
General,2927,0.1026
General,num_qubits,0.1014
Implementation,cx,0.1006
General,qft,0.1001
Unclassified,3a,0.0982
Technical,packages,0.0952
Implementation,hat,0.0936
Implementation,03,0.0936
Unclassified,png,0.0934
General,alpha,0.0926
Unclassified,5b1,0.0917
General,hhl,0.0914
Unclassified,simulator,0.0913
Unclassified,ansatz,0.0904
General,dtype,0.0901
General,words,0.0901
Unclassified,7d,0.0899
Unclassified,circuits,0.0883
General,d0,0.0878
General,int,0.0876
General,lambda,0.0876
Unclassified,d0,0.0872
Implementation,conda,0.0866
Implementation,opt,0.0866
General,py,0.0864
General,oracle,0.0864
General,qml,0.0863
Unclassified,e2,0.0854
Technical,stim,0.085
Security,secret,0.0832
Unclassified,stim,0.0814
Security,cdot,0.081
Security,mathbb,0.081
Unclassified,cx,0.0807
Unclassified,mark,0.0799
Implementation,lib,0.0772
Implementation,python3,0.0772
Unclassified,teleportation,0.0759
Unclassified,sanchayan,0.0754
Unclassified,dutta,0.075
Implementation,numpy,0.0749
Implementation,backend,0.0749
Implementation,packages,0.0749
Unclassified,spinelli,0.0731
Unclassified,dagger,0.0729
Technical,quantumcircuit,0.0715
Unclassified,density,0.0708
Unclassified,mean,0.0702
Implementation,import,0.0702
Security,entangled,0.0701
Unclassified,circ,0.0699
Unclassified,qaoa,0.0697
Technical,python3,0.0696
Implementation,ucc,0.0695
Technical,cx,0.0695
Unclassified,rec,0.0687
Security,mark,0.0679
Security,keys,0.0679
Implementation,solver,0.0655
Implementation,removed,0.0655
Technical,surface,0.065
Security,256,0.0635
Security,align,0.0635
Security,spinelli,0.0635
Technical,cirq,0.0622
Security,teleportation,0.0613
Technical,detector,0.0612
Security,safe,0.057
Security,crypto,0.057
Security,photon,0.057
Implementation,int,0.0561
Implementation,qubo,0.0561
Security,background,0.0548
Security,gets,0.0548
Implementation,array,0.0538
Implementation,gpu,0.0538
Technical,ibmq,0.0534
Technical,circuits,0.0529
Security,prime,0.0526
Technical,shots,0.0524
Technical,azure,0.0487
Technical,anaconda3,0.0486
Technical,aer,0.0479
Technical,circ,0.0394
Technical,local,0.0393
Technical,tolerance,0.0392
Technical,mitigation,0.0373
Technical,png,0.0369
Technical,simulator,0.0367
Technical,vqe,0.0366
